City_ID,City,Country,Date,Lat,Lng,Max Temp,Humidity,Cloudiness,Wind Speed
0,Butaritari,KI,2022-03-31 15:55:52,3.0707,172.7902,80.26,80,72,12.82
1,Hofn,IS,2022-03-31 15:55:52,64.2539,-15.2082,39.22,60,75,3.44
2,Paamiut,GL,2022-03-31 15:55:52,61.994,-49.6678,33.78,91,100,7.25
3,Villachuato,MX,2022-03-31 15:55:53,20.1667,-101.5833,76.23,13,4,0.72
4,Varberg,SE,2022-03-31 15:55:53,57.1056,12.2508,40.23,53,77,12.44
5,Lompoc,US,2022-03-31 15:51:46,34.6391,-120.4579,55.78,85,100,12.66
6,Khatanga,RU,2022-03-31 15:55:53,71.9667,102.5,3.38,95,36,6.69
7,Hithadhoo,MV,2022-03-31 15:55:54,-0.6,73.0833,83.46,69,7,4.81
8,Noshiro,JP,2022-03-31 15:55:54,40.2039,140.0242,38.39,48,100,13.35
9,Ushuaia,AR,2022-03-31 15:55:54,-54.8,-68.3,49.66,57,20,13.8
10,Merauke,ID,2022-03-31 15:55:55,-8.4667,140.3333,79.5,77,100,7.43
11,Bluff,NZ,2022-03-31 15:55:55,-46.6,168.3333,49.75,62,100,11.43
12,Xai-Xai,MZ,2022-03-31 15:55:55,-25.0519,33.6442,77.25,80,4,11.95
13,Mecca,SA,2022-03-31 15:54:57,21.4267,39.8261,83.79,31,0,8.03
14,Henties Bay,NA,2022-03-31 15:55:56,-22.116,14.2845,64.96,77,1,13.0
15,Airai,TL,2022-03-31 15:55:56,-8.9266,125.4092,57.54,88,9,1.86
16,Zhanaozen,KZ,2022-03-31 15:55:56,43.3,52.8,56.98,36,99,8.12
17,Codrington,AU,2022-03-31 15:55:57,-38.2667,141.9667,56.8,67,85,14.54
18,Beloha,MG,2022-03-31 15:55:57,-25.1667,45.05,74.1,75,0,15.52
19,Pisco,PE,2022-03-31 15:55:04,-13.7,-76.2167,70.02,68,0,11.5
20,Nikolskoye,RU,2022-03-31 15:55:57,59.7035,30.7861,31.91,84,70,2.89
21,Tiksi,RU,2022-03-31 15:55:58,71.6872,128.8694,0.12,99,100,6.04
22,Rikitea,PF,2022-03-31 15:54:29,-23.1203,-134.9692,77.45,73,58,15.75
23,Mataura,NZ,2022-03-31 15:55:58,-46.1927,168.8643,46.04,90,100,0.54
24,Luderitz,NA,2022-03-31 15:55:58,-26.6481,15.1594,69.33,61,0,26.22
25,Cayenne,GF,2022-03-31 15:55:59,4.9333,-52.3333,84.24,15,75,11.5
26,Aklavik,CA,2022-03-31 15:55:59,68.2191,-135.0107,-25.6,75,20,6.91
27,Port Alfred,ZA,2022-03-31 15:55:59,-33.5906,26.891,64.18,92,100,3.0
28,Bethel,US,2022-03-31 15:54:39,41.3712,-73.414,57.79,94,100,3.44
29,Vila Franca Do Campo,PT,2022-03-31 15:56:00,37.7167,-25.4333,64.81,78,99,6.17
30,Saint Anthony,US,2022-03-31 15:56:00,45.0205,-93.218,32.31,69,100,19.57
31,Tuatapere,NZ,2022-03-31 15:56:00,-46.1333,167.6833,47.84,87,100,4.79
32,Jardim,BR,2022-03-31 15:56:00,-21.4803,-56.1381,61.65,85,100,9.4
33,Punta Arenas,CL,2022-03-31 15:56:01,-53.15,-70.9167,51.91,46,75,19.57
34,Tuktoyaktuk,CA,2022-03-31 15:56:01,69.4541,-133.0374,-23.8,69,40,9.22
35,San Patricio,US,2022-03-31 15:56:01,28.017,-97.5169,72.16,37,10,7.18
36,Olga,RU,2022-03-31 15:56:02,43.7444,135.2892,30.16,64,11,5.84
37,Ilulissat,GL,2022-03-31 15:56:02,69.2167,-51.1,17.85,92,67,3.56
38,Hambantota,LK,2022-03-31 15:56:02,6.1241,81.1185,77.34,94,40,2.3
39,Kirkwood,US,2022-03-31 15:56:03,38.5834,-90.4068,41.59,78,95,8.01
40,Yulara,AU,2022-03-31 15:56:03,-25.2406,130.9889,71.44,28,65,8.05
41,Victoria,HK,2022-03-31 15:54:19,22.2855,114.1577,73.96,82,23,15.99
42,Puerto Ayora,EC,2022-03-31 15:56:04,-0.7393,-90.3518,82.36,75,94,6.98
43,Muroto,JP,2022-03-31 15:56:04,33.2833,134.15,52.65,85,100,19.42
44,Derzhavinsk,KZ,2022-03-31 15:56:04,51.1,66.3167,27.19,95,100,8.43
45,Vaini,TO,2022-03-31 15:57:04,-21.2,-175.2,80.28,79,100,11.61
46,Busselton,AU,2022-03-31 15:57:05,-33.65,115.3333,72.72,66,0,12.53
47,Manitouwadge,CA,2022-03-31 15:57:05,49.1215,-85.8403,27.57,89,100,15.5
48,Lorengau,PG,2022-03-31 15:57:06,-2.0226,147.2712,79.34,87,100,17.34
49,Atuona,PF,2022-03-31 15:57:06,-9.8,-139.0333,78.33,73,32,10.49
50,Iqaluit,CA,2022-03-31 15:57:07,63.7506,-68.5145,26.33,92,100,5.75
51,Hermanus,ZA,2022-03-31 15:57:07,-34.4187,19.2345,66.79,69,63,9.71
52,Mozarlandia,BR,2022-03-31 15:57:07,-14.7447,-50.5706,89.58,55,63,2.71
53,Deoria,IN,2022-03-31 15:57:08,26.5047,83.7872,84.79,34,0,9.28
54,Deputatskiy,RU,2022-03-31 15:57:08,69.3,139.9,-20.11,99,28,4.79
55,Cherskiy,RU,2022-03-31 15:57:09,68.75,161.3,-12.73,100,99,4.65
56,East London,ZA,2022-03-31 15:57:09,-33.0153,27.9116,67.14,94,75,10.36
57,Liverpool,GB,2022-03-31 15:54:22,53.4106,-2.9779,46.15,64,75,21.85
58,Qaanaaq,GL,2022-03-31 15:57:09,77.484,-69.3632,21.06,70,28,6.89
59,Tasiilaq,GL,2022-03-31 15:57:10,65.6145,-37.6368,35.11,99,100,4.92
60,Jamestown,US,2022-03-31 15:57:10,42.097,-79.2353,63.52,72,100,15.99
61,Marzuq,YE,2022-03-31 15:57:10,14.4,46.4667,73.81,27,0,3.96
62,Buraydah,SA,2022-03-31 15:57:11,26.326,43.975,91.85,11,0,9.73
63,Nhulunbuy,AU,2022-03-31 15:55:15,-12.2333,136.7667,77.61,88,5,0.0
64,Narsaq,GL,2022-03-31 15:57:11,60.9167,-46.05,39.18,68,96,3.51
65,Sinnamary,GF,2022-03-31 15:57:12,5.3833,-52.95,81.72,69,57,10.67
66,Gornopravdinsk,RU,2022-03-31 15:57:12,60.05,69.9,21.65,92,100,5.97
67,Constitucion,CL,2022-03-31 15:57:12,-35.3333,-72.4167,64.94,42,0,11.3
68,Hobart,AU,2022-03-31 15:57:13,-42.8794,147.3294,55.26,72,100,10.36
69,Yellowknife,CA,2022-03-31 15:57:13,62.456,-114.3525,13.41,77,100,3.44
70,Ust-Ordynskiy,RU,2022-03-31 15:57:13,52.805,104.7508,10.02,100,75,0.78
71,Sao Joao Da Barra,BR,2022-03-31 15:57:14,-21.6403,-41.0511,89.69,69,15,8.16
72,Acapulco,MX,2022-03-31 15:57:15,16.8634,-99.8901,79.36,50,35,2.59
73,Kapaa,US,2022-03-31 15:57:15,22.0752,-159.319,73.11,95,15,1.99
74,Cap Malheureux,MU,2022-03-31 15:57:15,-19.9842,57.6142,76.46,82,98,10.0
75,Mareeba,AU,2022-03-31 15:57:15,-17.0,145.4333,66.43,90,4,1.28
76,Gorgan,IR,2022-03-31 15:57:16,36.8387,54.4348,57.16,77,40,9.22
77,Port Elizabeth,ZA,2022-03-31 15:57:16,-33.918,25.5701,68.09,92,75,12.66
78,Cape Town,ZA,2022-03-31 15:57:17,-33.9258,18.4232,70.11,70,0,23.02
79,La Palma,US,2022-03-31 15:57:17,33.8464,-118.0467,61.97,81,75,4.61
80,Carrigaline,IE,2022-03-31 15:57:17,51.8117,-8.3986,48.61,34,75,16.11
81,Taltal,CL,2022-03-31 15:57:18,-25.4,-70.4833,66.58,68,9,3.83
82,Hilo,US,2022-03-31 15:57:18,19.7297,-155.09,69.12,96,0,1.99
83,Bredasdorp,ZA,2022-03-31 15:57:18,-34.5322,20.0403,65.52,56,95,10.87
84,Saskylakh,RU,2022-03-31 15:57:19,71.9167,114.0833,3.97,98,100,5.03
85,Torbay,CA,2022-03-31 15:57:19,47.6666,-52.7314,40.75,77,30,10.0
86,Ostrovnoy,RU,2022-03-31 15:57:20,68.0531,39.5131,23.16,73,100,11.63
87,Almaznyy,RU,2022-03-31 15:57:20,48.0448,40.045,55.47,59,100,12.37
88,Albany,US,2022-03-31 15:57:20,42.6001,-73.9662,56.26,80,88,4.0
89,Pointe Michel,DM,2022-03-31 15:58:21,15.25,-61.3833,79.74,73,75,8.05
90,Charleville-Mezieres,FR,2022-03-31 15:58:21,49.7667,4.7167,41.77,61,99,11.61
91,Barrow,US,2022-03-31 15:58:22,71.2906,-156.7887,-18.33,98,34,17.45
92,Kumluca,TR,2022-03-31 15:58:22,36.3703,30.2869,61.18,61,61,1.88
93,Hualmay,PE,2022-03-31 15:58:22,-11.0964,-77.6139,74.41,74,57,8.88
94,Atambua,ID,2022-03-31 15:58:23,-9.1061,124.8925,71.87,87,2,3.98
95,Alghero,IT,2022-03-31 15:58:23,40.5589,8.3181,59.09,72,75,13.8
96,Thompson,CA,2022-03-31 15:58:23,55.7435,-97.8558,28.56,54,75,6.91
97,Tabuk,PH,2022-03-31 15:58:24,17.4189,121.4443,76.42,84,83,1.34
98,Juegang,CN,2022-03-31 15:58:24,32.3174,121.1855,49.98,56,100,12.59
99,Riyadh,SA,2022-03-31 15:58:03,24.6877,46.7219,91.54,9,0,4.61
100,Ponta Delgada,PT,2022-03-31 15:58:25,37.7333,-25.6667,65.12,82,40,9.22
101,Arraial Do Cabo,BR,2022-03-31 15:58:25,-22.9661,-42.0278,84.16,74,0,14.97
102,Alofi,NU,2022-03-31 15:58:25,-19.0595,-169.9187,71.49,94,61,0.0
103,Praia,CV,2022-03-31 15:58:26,14.9215,-23.5087,79.34,53,20,23.02
104,Chuy,UY,2022-03-31 15:58:26,-33.6971,-53.4616,66.09,39,32,10.09
105,Cabo San Lucas,MX,2022-03-31 15:54:57,22.8909,-109.9124,75.06,56,98,4.7
106,Letpadan,MM,2022-03-31 15:58:26,17.7833,95.75,80.31,62,5,3.27
107,Souillac,MU,2022-03-31 15:58:27,-20.5167,57.5167,79.18,73,75,18.41
108,Esperance,AU,2022-03-31 15:58:27,-33.8667,121.9,66.04,81,100,19.71
109,Padang,ID,2022-03-31 15:58:27,-0.9492,100.3543,76.93,85,14,3.8
110,Qaqortoq,GL,2022-03-31 15:58:28,60.7167,-46.0333,37.4,73,99,3.53
111,Kununurra,AU,2022-03-31 15:58:28,-15.7667,128.7333,73.38,88,72,0.0
112,Lebu,CL,2022-03-31 15:58:28,-37.6167,-73.65,57.2,58,5,20.18
113,Cidreira,BR,2022-03-31 15:58:29,-30.1811,-50.2056,65.07,52,39,9.93
114,Kodiak,US,2022-03-31 15:58:29,57.79,-152.4072,38.71,100,100,19.57
115,Margate,GB,2022-03-31 15:58:30,51.3813,1.3862,42.69,63,100,17.0
116,Georgetown,MY,2022-03-31 15:55:10,5.4112,100.3354,80.53,88,20,3.44
117,Much,DE,2022-03-31 15:58:30,50.9167,7.4,43.02,87,75,1.14
118,Alikovo,RU,2022-03-31 15:58:30,55.7383,46.7549,29.66,95,100,9.8
119,Leningradskiy,RU,2022-03-31 15:58:31,69.3833,178.4167,-9.4,93,95,2.28
120,Nouadhibou,MR,2022-03-31 15:58:31,20.931,-17.0347,76.98,47,0,13.8
121,Talnakh,RU,2022-03-31 15:58:31,69.4865,88.3972,15.21,94,71,5.35
122,Kitimat,CA,2022-03-31 15:58:32,54.0524,-128.6534,41.92,49,100,1.01
123,Arman,RU,2022-03-31 15:58:32,59.7,150.1667,5.02,81,71,9.51
124,Chokurdakh,RU,2022-03-31 15:58:32,70.6333,147.9167,-30.71,100,89,0.98
125,Lalibela,ET,2022-03-31 15:58:33,12.0333,39.0333,71.28,24,8,10.31
126,Dikson,RU,2022-03-31 15:58:33,73.5069,80.5464,17.67,90,75,10.51
127,New Norfolk,AU,2022-03-31 15:58:33,-42.7826,147.0587,54.9,66,60,1.01
128,Sembe,CG,2022-03-31 15:58:34,1.6481,14.5806,88.18,49,77,2.55
129,College,US,2022-03-31 15:58:34,64.8569,-147.8028,1.62,90,9,5.41
130,Fairbanks,US,2022-03-31 15:54:34,64.8378,-147.7164,12.54,47,0,6.91
131,Mar Del Plata,AR,2022-03-31 15:58:34,-38.0023,-57.5575,60.82,77,40,12.66
132,Provideniya,RU,2022-03-31 15:58:34,64.3833,-173.3,19.87,84,100,19.69
133,Tumut,AU,2022-03-31 15:59:35,-35.3,148.2167,48.65,69,1,3.78
134,Shiraoi,JP,2022-03-31 15:59:36,42.55,141.35,32.76,72,20,8.16
135,Tautira,PF,2022-03-31 15:59:36,-17.7333,-149.15,80.67,73,39,11.79
136,Atar,MR,2022-03-31 15:58:21,20.5169,-13.0499,92.3,11,47,9.64
137,Dingle,PH,2022-03-31 15:59:36,10.9995,122.6711,77.45,86,65,7.11
138,Maralal,KE,2022-03-31 15:59:37,1.0968,36.698,63.97,71,35,12.57
139,North Bend,US,2022-03-31 15:59:37,43.4065,-124.2243,41.16,100,100,4.34
140,Namibe,AO,2022-03-31 15:59:37,-15.1961,12.1522,75.83,69,20,20.71
141,Lazaro Cardenas,MX,2022-03-31 15:59:38,17.9583,-102.2,78.57,56,4,2.35
142,Blairmore,CA,2022-03-31 15:59:38,49.6,-114.4353,35.78,44,93,10.36
143,Namatanai,PG,2022-03-31 15:59:38,-3.6667,152.4333,78.96,82,66,4.65
144,Ribeira Grande,PT,2022-03-31 15:59:39,38.5167,-28.7,64.8,82,75,9.22
145,Brest,BY,2022-03-31 15:59:39,52.1,23.7,41.45,66,100,12.59
146,Houma,US,2022-03-31 15:59:39,29.5958,-90.7195,64.99,72,0,9.22
147,San Felipe,VE,2022-03-31 15:59:40,10.3399,-68.7425,85.15,50,100,6.13
148,Severo-Kurilsk,RU,2022-03-31 15:59:40,50.6789,156.125,29.8,93,96,15.19
149,Castro,BR,2022-03-31 15:59:40,-24.7911,-50.0119,60.1,98,99,8.39
150,Fianarantsoa,MG,2022-03-31 15:59:41,-21.4333,47.0833,57.7,97,0,5.59
151,Porosozero,RU,2022-03-31 15:59:41,62.7191,32.727,19.62,90,100,2.51
152,Chermoz,RU,2022-03-31 15:59:41,58.787,56.1489,14.59,87,60,6.31
153,Arlit,NE,2022-03-31 15:59:41,18.7369,7.3853,99.52,2,4,1.07
154,Saint-Pierre,RE,2022-03-31 15:59:42,-21.3393,55.4781,78.48,74,20,23.02
155,Samarai,PG,2022-03-31 15:59:42,-10.6167,150.6667,81.36,81,100,10.76
156,Port Shepstone,ZA,2022-03-31 15:59:42,-30.7414,30.455,76.1,84,23,6.71
157,Krasnoselkup,RU,2022-03-31 15:59:43,65.7,82.4667,16.18,84,100,20.04
158,Wawa,NG,2022-03-31 15:59:43,9.9022,4.4192,101.7,20,8,2.77
159,Visby,SE,2022-03-31 15:59:43,57.6409,18.296,37.06,80,40,12.66
160,Port Hardy,CA,2022-03-31 15:59:44,50.6996,-127.4199,42.8,93,75,4.61
161,San Cristobal,VE,2022-03-31 15:59:44,7.7669,-72.225,68.18,46,98,7.18
162,Kurchum,KZ,2022-03-31 15:59:44,48.5722,83.6542,32.2,57,33,7.72
163,Carnarvon,AU,2022-03-31 15:59:45,-24.8667,113.6333,71.67,94,100,17.27
164,Hasaki,JP,2022-03-31 15:59:45,35.7333,140.8333,46.8,85,100,24.29
165,Kaitangata,NZ,2022-03-31 15:59:45,-46.2817,169.8464,48.33,76,100,6.62
166,Guerrero Negro,MX,2022-03-31 15:59:45,27.9769,-114.0611,61.41,70,100,13.47
167,Tuy Hoa,VN,2022-03-31 15:59:46,13.0833,109.3,75.2,93,95,0.87
168,Ixtapa,MX,2022-03-31 15:59:46,20.7,-105.2,81.01,28,42,3.53
169,Sitka,US,2022-03-31 15:59:46,57.0531,-135.33,37.29,87,75,6.91
170,Owando,CG,2022-03-31 15:59:47,-0.4819,15.8999,93.43,38,65,4.43
171,Cascais,PT,2022-03-31 15:58:41,38.6979,-9.4215,60.66,70,75,20.0
172,Sambava,MG,2022-03-31 15:54:47,-14.2667,50.1667,77.22,86,52,13.24
173,Chifeng,CN,2022-03-31 15:55:09,42.2683,118.9636,31.05,30,0,5.28
174,Adeje,ES,2022-03-31 15:59:47,28.1227,-16.726,70.16,56,75,21.85
175,Comodoro Rivadavia,AR,2022-03-31 15:59:47,-45.8667,-67.5,64.26,32,0,9.22
176,Lyubech,UA,2022-03-31 15:59:48,51.7026,30.6569,40.19,93,100,8.97
177,Ponta Do Sol,PT,2022-03-31 15:59:48,32.6667,-17.1,68.13,73,40,0.89
178,Moroyama,JP,2022-03-31 15:59:48,35.9303,139.3023,50.18,90,100,5.77
179,Yarim,YE,2022-03-31 15:59:48,14.298,44.3779,61.41,24,0,5.97
180,Pitlochry,GB,2022-03-31 15:59:49,56.7051,-3.7343,44.89,48,85,11.48
181,Aksum,ET,2022-03-31 16:00:49,14.1245,38.7244,71.85,19,32,14.41
182,Tessalit,ML,2022-03-31 16:00:49,20.1986,1.0114,99.54,3,25,9.73
183,Quzhou,CN,2022-03-31 16:00:35,28.9594,118.8686,47.79,95,100,7.94
184,Broken Hill,AU,2022-03-31 16:00:50,-31.95,141.4333,61.92,53,0,20.78
185,Dudinka,RU,2022-03-31 16:00:50,69.4058,86.1778,9.86,97,83,4.99
186,Faanui,PF,2022-03-31 16:00:51,-16.4833,-151.75,81.81,68,32,15.79
187,Watertown,US,2022-03-31 15:58:51,42.3709,-71.1828,62.62,83,100,8.99
188,Singaraja,ID,2022-03-31 16:00:51,-8.112,115.0882,79.18,84,95,3.89
189,Statesboro,US,2022-03-31 15:57:33,32.4488,-81.7832,71.13,83,100,9.22
190,Lagoa,PT,2022-03-31 16:00:52,39.05,-27.9833,61.56,87,98,5.82
191,Pokhara,NP,2022-03-31 15:59:41,28.2333,83.9833,71.91,65,97,2.59
192,Phalaborwa,ZA,2022-03-31 16:00:52,-23.943,31.1411,81.05,35,0,4.36
193,Skjervoy,NO,2022-03-31 15:59:32,70.0311,20.9714,28.4,63,100,11.5
194,Seoul,KR,2022-03-31 15:58:43,37.5683,126.9778,44.2,70,0,5.75
195,Lodja,CD,2022-03-31 16:00:53,-3.4833,23.4333,84.79,54,37,3.96
196,Saint-Gabriel,CA,2022-03-31 16:00:53,46.3001,-73.3824,37.6,88,100,6.13
197,Grindavik,IS,2022-03-31 16:00:53,63.8424,-22.4338,43.27,65,75,3.44
198,Vorukh,TJ,2022-03-31 16:00:54,39.8494,70.5838,45.36,30,0,9.95
199,Muhos,FI,2022-03-31 16:00:54,64.808,25.9931,29.89,91,100,4.79
200,Erenhot,CN,2022-03-31 16:00:54,43.6475,111.9767,33.04,26,95,11.3
201,Veseloyarsk,RU,2022-03-31 16:00:55,51.2836,81.1056,28.06,87,100,9.37
202,Saint-Philippe,RE,2022-03-31 16:00:55,-21.3585,55.7679,78.39,72,59,13.82
203,Shumskiy,RU,2022-03-31 16:00:55,54.8318,99.1328,32.11,81,100,4.09
204,Port Antonio,JM,2022-03-31 16:00:56,18.18,-76.4612,86.99,70,13,15.39
205,Avarua,CK,2022-03-31 16:00:56,-21.2078,-159.775,75.25,94,6,2.3
206,Mahebourg,MU,2022-03-31 16:00:56,-20.4081,57.7,76.24,74,97,19.13
207,Ambon,ID,2022-03-31 16:00:56,-3.6954,128.1814,82.54,78,20,4.61
208,Christchurch,NZ,2022-03-31 15:57:49,-43.5333,172.6333,61.0,89,75,17.27
209,Puerto Baquerizo Moreno,EC,2022-03-31 16:00:57,-0.9,-89.6,77.99,94,75,4.61
210,Kibre Mengist,ET,2022-03-31 16:00:57,5.8833,38.9833,69.46,39,10,4.94
211,Ahipara,NZ,2022-03-31 16:00:58,-35.1667,173.1667,62.04,91,59,2.08
212,Ossora,RU,2022-03-31 16:00:58,59.2353,163.0719,5.38,89,92,6.02
213,Norman Wells,CA,2022-03-31 16:00:58,65.282,-126.8329,-17.14,93,99,11.07
214,Krasnozerskoye,RU,2022-03-31 16:00:58,53.9828,79.2374,31.82,87,100,12.82
215,Fatezh,RU,2022-03-31 16:00:59,52.0891,35.8632,40.98,98,100,5.39
216,Longforgan,GB,2022-03-31 16:00:59,56.4567,-3.1191,46.35,55,40,11.99
217,Fortuna,US,2022-03-31 16:00:53,40.5982,-124.1573,47.93,92,0,9.22
218,Matadi,CD,2022-03-31 16:00:59,-5.8167,13.45,91.92,57,75,4.25
219,Lyngseidet,NO,2022-03-31 16:01:00,69.5763,20.2189,28.4,83,100,5.1
220,Tori,EE,2022-03-31 16:01:00,58.4825,24.8152,33.71,73,96,5.19
221,Mount Gambier,AU,2022-03-31 16:01:01,-37.8333,140.7667,58.62,55,71,12.19
222,Libreville,GA,2022-03-31 16:00:31,0.3925,9.4537,83.82,71,100,8.57
223,Saint-Francois,FR,2022-03-31 16:02:02,46.4154,3.9054,51.42,59,75,11.5
224,Pochutla,MX,2022-03-31 16:02:02,15.7432,-96.4661,86.83,32,56,7.94
225,Barbastro,ES,2022-03-31 16:02:03,42.0356,0.1269,59.18,34,80,15.59
226,Half Moon Bay,US,2022-03-31 15:58:30,37.4636,-122.4286,53.31,91,75,0.0
227,Jacareacanga,BR,2022-03-31 16:02:04,-6.2222,-57.7528,74.93,97,100,0.36
228,Kendari,ID,2022-03-31 16:02:04,-3.945,122.4989,75.88,93,96,2.19
229,Changji,CN,2022-03-31 16:02:05,44.0167,87.3167,45.39,49,0,4.47
230,Clyde River,CA,2022-03-31 16:00:40,70.4692,-68.5914,5.54,89,76,3.96
231,Dwarka,IN,2022-03-31 16:02:06,22.2394,68.9678,78.49,74,0,9.22
232,Natitingou,BJ,2022-03-31 16:02:06,10.3042,1.3796,103.21,14,85,3.38
233,Willowmore,ZA,2022-03-31 16:02:06,-33.2926,23.4895,67.66,51,68,9.95
234,Havelock,US,2022-03-31 16:02:06,34.8791,-76.9013,73.02,81,100,23.02
235,Oum Hadjer,TD,2022-03-31 16:02:07,13.2954,19.6966,100.74,5,51,6.08
236,Uyuni,BO,2022-03-31 16:02:08,-20.4597,-66.825,60.26,30,14,15.17
237,Araceli,PH,2022-03-31 16:02:08,10.5529,119.9913,83.25,79,6,15.3
238,Auki,SB,2022-03-31 16:02:08,-8.7676,160.7034,78.01,86,100,1.99
239,Benguela,AO,2022-03-31 16:02:09,-12.5763,13.4055,78.1,86,91,3.22
240,Alice Springs,AU,2022-03-31 16:00:11,-23.7,133.8833,58.55,51,63,4.61
241,Omis,HR,2022-03-31 16:02:09,43.4447,16.6886,57.13,98,100,15.93
242,Mildura,AU,2022-03-31 16:02:10,-34.2,142.15,57.07,68,0,18.5
243,Kupang,ID,2022-03-31 16:02:10,-10.1667,123.5833,76.46,84,4,5.14
244,Coquimbo,CL,2022-03-31 16:02:12,-29.9533,-71.3436,66.74,61,0,4.99
245,Cairns,AU,2022-03-31 16:02:12,-16.9167,145.7667,71.06,84,17,1.14
246,Mehamn,NO,2022-03-31 16:02:12,71.0357,27.8492,28.31,68,75,16.11
247,Morros,BR,2022-03-31 16:02:13,-9.4467,-46.3003,87.94,46,100,3.33
248,Vallenar,CL,2022-03-31 16:02:13,-28.5708,-70.7581,78.48,34,0,6.24
249,Quatre Cocos,MU,2022-03-31 16:02:13,-20.2078,57.7625,76.08,76,99,18.92
250,Phayao,TH,2022-03-31 16:02:14,19.25,100.25,77.83,63,79,2.64
251,Kruisfontein,ZA,2022-03-31 16:02:14,-34.0033,24.7314,65.88,77,100,7.18
252,Baft,IR,2022-03-31 16:02:15,29.234,56.6057,65.59,13,85,6.13
253,Baykalovo,RU,2022-03-31 16:02:15,57.3981,63.7684,25.07,93,100,5.46
254,Aksu,CN,2022-03-31 16:00:26,41.1231,80.2644,54.18,43,50,7.34
255,Porto Walter,BR,2022-03-31 16:02:15,-8.2686,-72.7439,89.15,51,98,4.21
256,Puerto Princesa,PH,2022-03-31 16:02:16,9.7392,118.7353,80.13,84,59,3.94
257,Laguna,US,2022-03-31 16:02:16,38.421,-121.4238,56.17,93,20,4.61
258,Nome,US,2022-03-31 16:02:17,64.5011,-165.4064,25.16,59,10,12.8
259,Hamilton,US,2022-03-31 16:02:17,39.1834,-84.5333,48.15,83,100,19.57
260,Ler,SS,2022-03-31 16:02:18,8.3018,30.1418,98.73,13,33,4.18
261,Bengkulu,ID,2022-03-31 16:02:18,-3.8004,102.2655,76.82,82,75,6.13
262,Portland,US,2022-03-31 16:01:37,45.5234,-122.6762,47.25,87,100,5.01
263,Tual,ID,2022-03-31 15:58:32,-5.6667,132.75,82.27,70,100,4.21
264,Champerico,GT,2022-03-31 16:02:19,14.3,-91.9167,84.97,57,49,9.24
265,Longyearbyen,SJ,2022-03-31 16:02:18,78.2186,15.6401,10.24,85,75,6.91
266,Vila Velha,BR,2022-03-31 16:02:19,-20.3297,-40.2925,89.94,64,0,8.01
267,Flinders,AU,2022-03-31 16:02:20,-34.5833,150.8552,59.18,87,100,8.01
268,George Town,MY,2022-03-31 15:59:59,5.4112,100.3354,80.53,88,20,3.44
269,Iberia,US,2022-03-31 16:02:20,29.9502,-91.7507,62.6,45,0,13.8
270,Codajas,BR,2022-03-31 16:03:21,-3.8367,-62.0569,81.97,73,99,3.27
271,Kavieng,PG,2022-03-31 16:03:21,-2.5744,150.7967,81.81,78,100,16.26
272,Sao Filipe,CV,2022-03-31 16:03:21,14.8961,-24.4956,71.37,78,6,10.2
273,Sikandra Rao,IN,2022-03-31 16:03:21,27.7,78.4,86.63,12,0,7.85
274,Dimona,IL,2022-03-31 16:03:22,31.0667,35.0333,69.48,21,99,5.99
275,Kargat,RU,2022-03-31 16:03:22,55.1956,80.2811,32.97,90,100,14.0
276,Grand Gaube,MU,2022-03-31 16:03:22,-20.0064,57.6608,76.37,81,98,8.99
277,San Quintin,MX,2022-03-31 16:03:23,30.4833,-115.95,59.85,73,99,12.59
278,Port Hedland,AU,2022-03-31 16:03:23,-20.3167,118.5667,82.45,83,53,5.75
279,Bandarbeyla,SO,2022-03-31 16:03:23,9.4942,50.8122,81.1,80,5,11.68
280,Fort Nelson,CA,2022-03-31 16:03:24,58.8053,-122.7002,19.94,90,100,6.29
281,Aksarka,RU,2022-03-31 16:03:24,66.5606,67.7975,15.64,78,100,19.51
282,Huainan,CN,2022-03-31 16:03:24,32.6264,116.9969,48.79,63,100,5.28
283,Poum,NC,2022-03-31 16:03:25,-20.2333,164.0167,80.83,79,10,5.82
284,Buala,SB,2022-03-31 16:02:12,-8.145,159.5921,79.57,83,100,3.36
285,Mount Isa,AU,2022-03-31 16:03:25,-20.7333,139.5,76.77,27,0,18.41
286,Nishihara,JP,2022-03-31 16:03:25,26.1842,127.7558,69.08,94,75,23.02
287,Manat,PH,2022-03-31 16:03:25,7.5327,126.0173,72.54,91,100,2.84
288,Nyurba,RU,2022-03-31 16:03:26,63.2842,118.3319,26.49,97,100,5.91
289,Trelew,AR,2022-03-31 16:03:26,-43.249,-65.3051,69.04,19,77,12.08
290,Labuhan,ID,2022-03-31 16:03:26,-6.8844,112.2051,78.6,84,100,3.56
291,Seddon,AU,2022-03-31 16:03:27,-37.8068,144.8916,59.97,78,20,12.66
292,Mombetsu,JP,2022-03-31 16:03:27,44.3525,143.3525,28.51,96,100,1.9
293,Honiara,SB,2022-03-31 16:01:31,-9.4333,159.95,78.37,88,100,3.02
294,Svetlogorsk,BY,2022-03-31 16:03:27,52.6333,29.7333,34.97,97,100,9.91
295,Siocon,PH,2022-03-31 16:03:28,7.7061,122.1353,79.41,83,83,4.76
296,Lhokseumawe,ID,2022-03-31 16:03:28,5.1801,97.1507,80.08,82,100,7.81
297,Youhao,CN,2022-03-31 16:03:28,47.8667,128.8333,20.28,86,43,4.12
298,Usakos,NA,2022-03-31 16:03:29,-22.0,15.6,83.66,45,81,13.67
299,Ancud,CL,2022-03-31 16:01:58,-41.8697,-73.8203,60.22,60,100,2.71
300,Dovers,VC,2022-03-31 16:03:29,12.8833,-61.1833,78.58,76,48,18.19
301,Nakamura,JP,2022-03-31 16:03:29,32.9833,132.9333,53.2,95,100,3.96
302,Los Llanos De Aridane,ES,2022-03-31 16:03:30,28.6585,-17.9182,64.15,83,75,12.66
303,Vardo,NO,2022-03-31 16:03:30,70.3705,31.1107,24.78,86,75,17.27
304,Port Lincoln,AU,2022-03-31 16:03:30,-34.7333,135.8667,60.4,72,23,21.99
305,Mbabane,SZ,2022-03-31 16:03:31,-26.3167,31.1333,64.81,62,0,3.83
306,Gayny,RU,2022-03-31 16:03:31,60.3071,54.3241,18.99,89,97,6.13
307,San Borja,BO,2022-03-31 16:03:31,-14.8167,-66.85,55.94,98,100,6.87
308,Bayanday,RU,2022-03-31 16:03:32,53.0661,105.5139,10.87,99,82,1.95
309,Bambous Virieux,MU,2022-03-31 16:03:32,-20.3428,57.7575,76.21,74,100,19.08
310,Bathsheba,BB,2022-03-31 16:03:32,13.2167,-59.5167,80.69,69,100,16.89
311,Hun,LY,2022-03-31 16:03:32,29.1268,15.9477,96.78,5,99,16.87
312,Sehithwa,BW,2022-03-31 16:03:33,-20.4667,22.7167,78.19,56,97,1.77
313,Roma,US,2022-03-31 16:03:33,43.2128,-75.4557,61.68,77,75,6.91
314,Ust-Tsilma,RU,2022-03-31 16:04:33,65.441,52.1498,12.7,95,97,3.31
315,Karasjok,NO,2022-03-31 16:04:34,69.4719,25.5112,18.45,88,99,6.6
316,Chapleau,CA,2022-03-31 16:04:34,47.8405,-83.4034,24.89,93,100,14.97
317,Verkhoyansk,RU,2022-03-31 16:04:34,67.5447,133.385,-14.78,100,55,2.01
318,Gazanjyk,TM,2022-03-31 16:04:35,39.2446,55.5154,68.83,21,83,4.32
319,Upington,ZA,2022-03-31 16:04:35,-28.4478,21.2561,79.18,47,75,3.44
320,Hutang,CN,2022-03-31 16:04:35,31.5333,119.4833,45.55,79,100,6.73
321,Tutoia,BR,2022-03-31 16:04:36,-2.7619,-42.2744,80.26,82,100,4.5
322,Cizre,TR,2022-03-31 16:04:36,37.3272,42.1903,61.75,42,2,4.68
323,Sault Sainte Marie,CA,2022-03-31 16:02:41,46.5168,-84.3333,32.29,86,100,12.66
324,Zheleznodorozhnyy,RU,2022-03-31 16:04:36,55.7503,38.0042,32.61,99,100,3.4
325,Akdepe,TM,2022-03-31 16:04:37,42.0551,59.3788,62.65,19,100,6.02
326,Gigmoto,PH,2022-03-31 16:04:37,13.7796,124.39,79.63,87,28,8.66
327,Krasnogorskoye,RU,2022-03-31 16:04:37,52.2953,86.1979,26.17,95,95,2.82
328,Bonthe,SL,2022-03-31 16:04:38,7.5264,-12.505,85.37,68,97,12.3
329,Katobu,ID,2022-03-31 16:04:38,-4.9408,122.5276,75.6,93,86,3.0
330,Katherine,AU,2022-03-31 16:04:38,-14.4667,132.2667,71.92,64,51,3.44
331,Kamenka,RU,2022-03-31 16:04:39,51.3223,42.7678,45.14,89,100,10.31
332,Saint-Augustin,CA,2022-03-31 16:04:39,51.226,-58.6502,34.16,96,8,13.49
333,Dhidhdhoo,MV,2022-03-31 16:04:39,6.8833,73.1,84.29,70,17,4.68
334,Norton Shores,US,2022-03-31 16:04:39,43.1689,-86.2639,37.49,81,100,16.11
335,Shelburne,CA,2022-03-31 16:04:40,44.0787,-80.2041,58.12,78,49,29.19
336,Buchanan,LR,2022-03-31 16:04:40,5.8808,-10.0467,85.78,67,63,10.02
337,Kribi,CM,2022-03-31 16:04:40,2.95,9.9167,84.06,75,81,10.4
338,Brasileia,BR,2022-03-31 16:04:41,-11.0161,-68.7481,82.36,76,93,3.24
339,Port Macquarie,AU,2022-03-31 16:04:41,-31.4333,152.9167,61.9,79,79,18.16
340,Guangzhou,CN,2022-03-31 16:00:01,23.1167,113.25,73.35,68,98,15.19
341,Petrovice U Karvine,CZ,2022-03-31 16:04:41,49.8959,18.5478,39.45,93,100,13.33
342,Mbumi,TZ,2022-03-31 16:04:42,-7.9058,39.2105,75.09,91,43,3.74
343,Mana,GF,2022-03-31 16:04:42,5.6592,-53.7767,82.11,64,90,8.75
344,San Rafael,AR,2022-03-31 16:03:35,-34.6177,-68.3301,65.82,14,0,12.75
345,Saint-Georges,GD,2022-03-31 16:03:07,12.0564,-61.7485,81.52,68,94,15.28
346,Lakefield,US,2022-03-31 16:01:39,43.6775,-95.1717,28.24,82,100,19.57
347,Panalingaan,PH,2022-03-31 16:04:43,8.7842,117.4231,78.93,81,6,3.6
348,Pacific Grove,US,2022-03-31 16:04:43,36.6177,-121.9166,51.51,87,90,1.01
349,Svetlaya,RU,2022-03-31 16:04:43,46.5389,138.3297,24.94,74,100,7.23
350,Saldanha,ZA,2022-03-31 16:04:43,-33.0117,17.9442,62.62,73,68,23.89
351,Coruripe,BR,2022-03-31 16:03:06,-10.1256,-36.1756,84.04,65,77,9.13
352,Massaguet,TD,2022-03-31 16:04:44,12.4755,15.4365,104.05,5,24,2.51
353,Saint George,US,2022-03-31 16:00:49,37.1041,-113.5841,63.79,40,0,4.61
354,Mian Channun,PK,2022-03-31 16:00:44,30.44,72.3543,81.03,8,0,9.31
355,Hay River,CA,2022-03-31 16:04:44,60.8156,-115.7999,17.55,94,100,10.92
356,Bud,US,2022-03-31 16:04:44,39.447,-86.1758,43.41,83,95,17.87
357,Gao,ML,2022-03-31 16:03:11,16.6362,1.637,101.71,2,7,6.2
358,Stillwater,US,2022-03-31 16:04:45,36.1156,-97.0584,39.81,71,100,10.36
359,Touros,BR,2022-03-31 16:04:45,-5.1989,-35.4608,82.0,76,99,11.81
360,Valkeala,FI,2022-03-31 16:04:45,60.9401,26.7979,32.4,47,0,6.91
361,Dalby,AU,2022-03-31 16:04:46,-27.1833,151.2667,63.99,96,89,9.69
362,Bristol,US,2022-03-31 16:05:10,41.8334,-71.1662,63.95,88,100,13.8
363,Sao Miguel Do Araguaia,BR,2022-03-31 16:05:46,-13.275,-50.1628,86.43,59,93,4.25
364,High Level,CA,2022-03-31 16:05:05,58.5169,-117.136,28.51,93,100,9.22
365,Upata,VE,2022-03-31 16:05:46,8.0086,-62.3989,88.25,44,100,6.31
366,Bilma,NE,2022-03-31 16:05:47,18.6853,12.9164,95.47,2,26,7.36
367,Vao,NC,2022-03-31 16:05:47,-22.6667,167.4833,78.62,85,2,10.83
368,Dalaba,GN,2022-03-31 16:05:48,10.7,-12.25,91.56,21,49,3.29
369,Arona,ES,2022-03-31 16:05:48,28.0996,-16.681,65.98,55,75,21.85
370,Erzin,TR,2022-03-31 16:05:48,36.9559,36.2,60.85,66,77,2.53
371,Nsanje,MW,2022-03-31 16:05:51,-16.92,35.262,74.46,95,12,3.58
372,Santa Marta,CO,2022-03-31 16:05:52,11.2408,-74.199,84.45,65,66,11.72
373,Las Vegas,US,2022-03-31 16:03:28,36.175,-115.1372,67.6,31,0,6.91
374,Andreapol,RU,2022-03-31 16:05:52,56.6513,32.2664,25.57,78,76,2.91
375,Richland,US,2022-03-31 16:05:52,40.7834,-82.5499,51.76,80,100,20.71
376,Pevek,RU,2022-03-31 16:05:52,69.7008,170.3133,-22.95,99,95,5.21
377,Westport,US,2022-03-31 16:00:59,41.1415,-73.3579,59.09,94,100,5.01
378,Kamina,CD,2022-03-31 16:05:53,-8.7386,24.9906,66.79,92,98,2.98
379,Stromness,GB,2022-03-31 16:05:53,58.965,-3.296,39.16,84,100,14.0
380,Lata,PT,2022-03-31 16:05:53,40.1629,-8.3327,57.81,63,83,13.58
381,Batticaloa,LK,2022-03-31 16:05:54,7.7102,81.6924,81.12,82,5,10.51
382,Kampene,CD,2022-03-31 16:05:54,-3.6,26.6667,74.43,77,57,2.84
383,Mabaruma,GY,2022-03-31 16:05:54,8.2,-59.7833,79.39,85,100,5.84
384,Mariental,NA,2022-03-31 16:05:55,-24.6333,17.9667,74.28,65,46,22.3
385,Ketchikan,US,2022-03-31 16:01:22,55.3422,-131.6461,38.41,88,77,3.58
386,Brae,GB,2022-03-31 16:05:55,60.3964,-1.353,40.32,59,95,17.45
387,Olafsvik,IS,2022-03-31 16:05:55,64.8945,-23.7142,39.54,78,97,6.85
388,San Ramon,US,2022-03-31 16:05:56,37.7799,-121.978,53.83,91,100,1.01
389,Guiren,CN,2022-03-31 16:05:56,33.6697,118.1889,47.68,56,100,4.18
390,Eureka,US,2022-03-31 16:03:01,40.8021,-124.1637,48.67,91,100,4.0
391,Salalah,OM,2022-03-31 16:05:56,17.0151,54.0924,80.22,46,0,1.05
392,Abidjan,CI,2022-03-31 16:05:57,5.3094,-4.0197,87.76,79,40,13.8
393,Asau,RO,2022-03-31 16:00:59,46.4333,26.4,65.32,46,100,7.09
394,Kholm,RU,2022-03-31 16:05:57,59.2667,32.85,26.04,87,90,2.21
395,Kampot,KH,2022-03-31 16:05:57,10.6167,104.1833,80.65,80,100,3.18
396,Beyneu,KZ,2022-03-31 16:05:57,45.3167,55.2,56.59,38,97,8.46
397,Radhanpur,IN,2022-03-31 16:05:58,23.8333,71.6,90.12,20,0,6.67
398,Katsuura,JP,2022-03-31 16:05:58,35.1333,140.3,51.82,90,100,23.85
399,Sibolga,ID,2022-03-31 16:05:58,1.7427,98.7792,76.68,79,100,3.13
400,Kiunga,PG,2022-03-31 16:05:59,-6.1219,141.2906,73.08,99,100,2.75
401,Samfya,ZM,2022-03-31 16:05:59,-11.3649,29.5565,68.68,88,48,4.41
402,Lyambir,RU,2022-03-31 16:05:59,54.2817,45.1249,32.72,99,100,10.85
403,Vilyuysk,RU,2022-03-31 16:05:59,63.7553,121.6247,22.82,98,100,3.74
404,Ust-Maya,RU,2022-03-31 16:06:00,60.4167,134.5333,-8.41,100,43,2.84
405,Tiarei,PF,2022-03-31 16:06:00,-17.5333,-149.3333,77.02,72,18,11.23
406,Bilibino,RU,2022-03-31 16:07:00,68.0546,166.4372,-19.68,93,67,2.8
407,Dargaville,NZ,2022-03-31 16:07:01,-35.9333,173.8833,60.48,94,62,0.87
408,Inirida,CO,2022-03-31 16:07:01,3.8653,-67.9239,89.56,54,31,4.21
409,Lichuan,CN,2022-03-31 16:07:01,30.3,108.85,43.29,92,100,2.77
410,Sioux Lookout,CA,2022-03-31 16:07:02,50.1001,-91.917,22.69,85,100,10.54
411,Karratha,AU,2022-03-31 16:07:02,-20.7377,116.8463,85.39,68,100,7.43
412,Apac,UG,2022-03-31 16:07:03,1.9756,32.5386,75.58,60,74,2.64
413,Puerto Escondido,MX,2022-03-31 16:07:03,15.85,-97.0667,83.23,78,0,10.36
414,Novaya Igirma,RU,2022-03-31 16:07:03,57.1334,103.9112,31.08,91,100,12.44
415,Piacabucu,BR,2022-03-31 16:07:04,-10.4056,-36.4344,84.18,65,89,9.66
416,Adrar,MR,2022-03-31 16:07:04,20.5022,-10.0711,86.72,13,100,10.29
417,Alekseyevsk,RU,2022-03-31 16:07:05,57.8406,108.3492,29.05,89,99,11.07
418,Tura,IN,2022-03-31 16:07:05,25.5198,90.2201,72.88,82,64,3.33
419,Gusau,NG,2022-03-31 16:07:05,12.1628,6.6614,100.74,5,26,3.13
420,Abha,SA,2022-03-31 16:07:06,18.2164,42.5053,64.65,59,0,9.22
421,Lamu,KE,2022-03-31 16:07:06,-2.2717,40.902,84.42,78,70,8.9
422,Bundibugyo,UG,2022-03-31 16:07:06,0.7414,30.0417,75.25,71,92,3.38
423,Pangnirtung,CA,2022-03-31 16:07:07,66.1451,-65.7125,19.4,93,100,5.75
424,Sur,OM,2022-03-31 16:07:07,22.5667,59.5289,80.17,49,0,1.54
425,Caravelas,BR,2022-03-31 16:07:07,-17.7125,-39.2481,88.07,53,1,10.18
426,Roald,NO,2022-03-31 16:07:08,62.5833,6.1333,41.09,70,75,6.91
427,Axim,GH,2022-03-31 16:07:08,4.8699,-2.2405,85.6,70,57,12.46
428,Cienaga,CO,2022-03-31 16:07:08,11.007,-74.2476,84.88,65,66,6.51
429,Chenghai,CN,2022-03-31 16:07:09,23.4632,116.768,65.61,81,29,20.29
430,Shingu,JP,2022-03-31 16:04:56,33.7333,135.9833,51.55,87,100,7.05
431,Kalakamati,BW,2022-03-31 16:07:09,-20.5929,27.3121,76.51,26,0,7.11
432,Te Anau,NZ,2022-03-31 16:07:10,-45.4167,167.7167,48.02,90,100,4.27
433,Miles City,US,2022-03-31 16:06:39,46.4083,-105.8406,50.97,37,100,14.97
434,Kailua,US,2022-03-31 16:07:10,21.4022,-157.7394,74.14,87,46,15.59
435,Cordoba,AR,2022-03-31 16:06:59,-31.4135,-64.1811,70.43,27,0,9.22
436,Winnemucca,US,2022-03-31 16:07:11,40.973,-117.7357,39.25,60,0,0.0
437,Kourou,GF,2022-03-31 16:07:11,5.1552,-52.6478,86.05,70,77,9.57
438,Hendek,TR,2022-03-31 16:07:11,40.7994,30.7481,65.3,57,100,6.06
439,Vestmannaeyjar,IS,2022-03-31 16:07:12,63.4427,-20.2734,41.99,56,0,9.22
440,Lasa,IT,2022-03-31 16:07:12,46.6166,10.7002,52.7,95,100,3.65
441,Fenoarivo,MG,2022-03-31 16:07:13,-18.933,47.4354,61.39,87,33,9.44
442,Candolim,IN,2022-03-31 16:07:13,15.5181,73.7626,81.84,76,6,8.41
443,Alyangula,AU,2022-03-31 16:07:13,-13.8483,136.4192,80.87,57,7,3.89
444,Lufilufi,WS,2022-03-31 16:07:14,-13.8745,-171.5986,82.87,68,29,14.83
445,Phangnga,TH,2022-03-31 16:07:14,8.4509,98.5298,78.84,90,100,2.37
446,Picui,BR,2022-03-31 16:03:08,-6.5106,-36.3469,90.39,34,63,9.95
447,Port Blair,IN,2022-03-31 16:07:15,11.6667,92.75,81.95,74,21,6.31
448,Batagay-Alyta,RU,2022-03-31 16:07:15,67.8006,130.4114,-14.71,93,87,4.5
449,Nemuro,JP,2022-03-31 16:07:15,43.3236,145.575,29.88,85,100,11.25
450,Sept-Iles,CA,2022-03-31 16:08:16,50.2001,-66.3821,36.05,73,100,4.0
451,Saquena,PE,2022-03-31 16:08:16,-4.6667,-73.5167,88.95,56,92,3.11
452,Geraldton,AU,2022-03-31 16:08:17,-28.7667,114.6,73.81,78,100,19.57
453,Bontang,ID,2022-03-31 16:08:17,0.1333,117.5,81.32,82,56,5.64
454,Coolum Beach,AU,2022-03-31 16:08:18,-26.5333,153.1,71.11,85,44,14.54
455,Sadovoye,RU,2022-03-31 16:08:18,47.7764,44.5089,60.08,46,95,9.44
456,Fiditi,NG,2022-03-31 16:08:18,7.7136,3.9172,101.05,22,72,6.42
457,Kysyl-Syr,RU,2022-03-31 16:08:19,63.8986,122.7617,17.38,97,100,4.92
458,Upernavik,GL,2022-03-31 16:08:19,72.7868,-56.1549,19.8,92,100,12.5
459,Sisimiut,GL,2022-03-31 16:08:20,66.9395,-53.6735,23.72,84,62,4.76
460,Plettenberg Bay,ZA,2022-03-31 16:08:20,-34.0527,23.3716,63.93,81,94,3.27
461,Tevaitoa,PF,2022-03-31 16:08:20,-16.7833,-151.5,81.82,69,29,16.22
462,Wewak,PG,2022-03-31 16:08:21,-3.5534,143.6268,79.5,86,100,13.47
463,Beira,MZ,2022-03-31 16:08:21,-19.8436,34.8389,76.69,81,3,6.51
464,Nasturelu,RO,2022-03-31 16:08:21,43.6667,25.4667,65.77,60,100,10.29
465,Papara,BR,2022-03-31 16:08:22,-3.9839,-38.7273,84.6,92,100,2.53
466,Valparaiso,CL,2022-03-31 16:06:45,-33.0393,-71.6273,80.83,16,0,10.36
467,Mondlo,ZA,2022-03-31 16:08:23,-27.983,30.7177,69.94,58,31,10.11
468,Sebring,US,2022-03-31 16:05:17,27.4956,-81.4409,82.99,67,100,14.97
469,Brakel,DE,2022-03-31 16:08:23,51.7167,9.1833,41.52,93,100,10.89
470,Lukovetskiy,RU,2022-03-31 16:08:23,64.2956,41.9211,23.94,95,100,6.24
471,Solnechnyy,RU,2022-03-31 16:08:24,50.7214,136.6319,16.92,96,100,2.73
472,Kota Kinabalu,MY,2022-03-31 16:08:24,5.9749,116.0724,78.78,83,20,3.44
473,Kudahuvadhoo,MV,2022-03-31 16:08:25,2.6708,72.8944,83.28,68,9,1.66
474,Meulaboh,ID,2022-03-31 16:07:19,4.1363,96.1285,78.73,81,97,3.47
475,Batemans Bay,AU,2022-03-31 16:08:25,-35.7167,150.1833,60.1,80,99,17.22
476,Kirakira,SB,2022-03-31 16:08:25,-10.4544,161.9205,79.57,85,100,4.07
477,Verkhnevilyuysk,RU,2022-03-31 16:08:26,63.4453,120.3167,24.21,97,100,4.79
478,Zyryanka,RU,2022-03-31 16:08:26,65.75,150.85,-5.39,96,100,8.57
479,Shizunai,JP,2022-03-31 16:08:26,42.3339,142.3669,33.24,69,85,13.89
480,Maine-Soroa,NE,2022-03-31 16:08:27,13.2114,12.0241,99.27,4,66,10.69
481,Moron,AR,2022-03-31 16:08:27,-34.6534,-58.6198,64.29,35,0,4.65
482,Necochea,AR,2022-03-31 16:08:27,-38.5473,-58.7368,59.25,61,93,11.41
483,Chilca,PE,2022-03-31 16:08:28,-12.5211,-76.7372,70.57,82,69,8.1
484,Kathu,TH,2022-03-31 16:08:28,7.9178,98.3332,87.75,75,96,8.57
485,Male,MV,2022-03-31 16:08:28,4.1748,73.5089,83.61,69,6,2.37
486,Vila,PT,2022-03-31 16:08:29,42.0304,-8.1588,47.28,81,100,5.82
487,Najran,SA,2022-03-31 16:08:29,17.4924,44.1277,74.17,13,0,12.15
488,Ihosy,MG,2022-03-31 16:08:29,-22.4,46.1167,66.43,90,0,9.44
489,Alugan,PH,2022-03-31 16:08:30,12.2188,125.4808,79.97,84,21,11.61
490,Pyay,MM,2022-03-31 16:08:30,18.8167,95.2167,83.01,63,1,4.97
491,Kokoda,PG,2022-03-31 16:08:31,-8.8785,147.7407,75.49,96,100,3.36
492,Zhezkazgan,KZ,2022-03-31 16:08:31,47.8043,67.7144,45.64,47,100,4.9
493,La Ronge,CA,2022-03-31 16:08:31,55.1001,-105.2842,30.94,83,100,6.33
494,Anahuac,MX,2022-03-31 16:08:32,27.2333,-100.15,74.79,27,9,0.76
495,Lillooet,CA,2022-03-31 16:08:32,50.6856,-121.942,40.33,70,17,3.42
496,Ajdabiya,LY,2022-03-31 16:09:32,30.7554,20.2263,88.86,7,70,17.38
497,Juxtlahuaca,MX,2022-03-31 16:09:32,17.4294,-99.1467,82.11,19,28,4.52
498,Ban Tak,TH,2022-03-31 16:09:33,17.0432,99.0813,85.15,44,56,5.01
499,Yar-Sale,RU,2022-03-31 16:09:33,66.8333,70.8333,15.64,79,100,21.07
500,Tuburan,PH,2022-03-31 16:09:33,6.6439,122.2736,82.27,73,72,1.72
501,Ozernovskiy,RU,2022-03-31 16:09:34,51.5,156.5167,30.27,98,97,12.73
502,Belogorsk,RU,2022-03-31 16:09:34,50.9158,128.4611,20.73,89,92,5.93
503,Manggar,ID,2022-03-31 16:09:34,-2.8833,108.2667,78.85,83,63,2.98
504,Aquiraz,BR,2022-03-31 16:09:34,-3.9014,-38.3911,86.09,83,99,5.32
505,Rawson,AR,2022-03-31 16:09:35,-43.3002,-65.1023,67.21,25,74,10.07
506,Honningsvag,NO,2022-03-31 16:09:35,70.9821,25.9704,26.35,86,75,12.66
507,Richards Bay,ZA,2022-03-31 16:09:35,-28.783,32.0377,77.09,76,7,8.97
508,Aitape,PG,2022-03-31 16:09:36,-3.1374,142.3475,78.49,89,100,9.71
509,Tilichiki,RU,2022-03-31 16:09:36,60.4667,166.1,-5.53,96,30,8.57
510,Rajpipla,IN,2022-03-31 16:08:18,21.8667,73.5,86.41,20,0,7.76
511,Bushehr,IR,2022-03-31 16:09:36,28.9684,50.8385,72.09,52,0,4.45
512,Aginskoye,RU,2022-03-31 16:09:37,51.1,114.53,27.37,51,95,4.72
513,Wanning,CN,2022-03-31 16:09:37,18.8003,110.3967,74.91,94,100,5.08
514,Sakai,JP,2022-03-31 16:06:25,34.5833,135.4667,49.17,91,100,12.3
515,Wattegama,LK,2022-03-31 16:09:37,6.7989,81.4808,75.29,93,13,2.84
516,Sydney Mines,CA,2022-03-31 16:09:38,46.2367,-60.2177,43.43,68,100,15.01
517,Coahuayana,MX,2022-03-31 16:09:38,18.7333,-103.6833,82.09,38,13,4.41
518,Whitehorse,CA,2022-03-31 16:09:38,60.7161,-135.0538,28.81,88,97,3.0
519,Attingal,IN,2022-03-31 16:09:38,8.6833,76.8333,85.68,84,7,0.83
520,Rhyl,GB,2022-03-31 16:09:39,53.3196,-3.4886,46.33,70,45,15.93
521,Millinocket,US,2022-03-31 16:09:39,45.6573,-68.7098,37.51,87,100,5.75
522,Madaoua,NE,2022-03-31 16:09:39,14.073,5.96,100.87,3,52,5.32
523,Itarema,BR,2022-03-31 16:09:40,-2.9248,-39.9167,75.43,92,100,5.68
524,Varzea Da Palma,BR,2022-03-31 16:09:40,-17.5981,-44.7308,96.04,28,1,1.63
525,Khandbari,NP,2022-03-31 16:09:40,27.3747,87.2039,68.43,84,95,0.2
526,Golden,US,2022-03-31 16:09:40,39.7555,-105.2211,54.57,33,0,5.99
527,Teya,RU,2022-03-31 16:09:41,60.3778,92.6267,29.39,84,88,16.8
528,Birao,CF,2022-03-31 16:09:41,10.2849,22.7882,99.39,7,6,6.31
529,Zernograd,RU,2022-03-31 16:09:41,46.8452,40.3083,60.75,61,66,8.84
530,Barinas,VE,2022-03-31 16:08:05,8.6226,-70.2075,91.69,32,100,7.05
531,Chunskiy,RU,2022-03-31 16:09:42,56.0815,99.6342,35.78,77,100,10.56
532,Sechura,PE,2022-03-31 16:09:42,-5.5569,-80.8222,81.23,58,68,7.36
533,Cockburn Town,TC,2022-03-31 16:07:37,21.4612,-71.1419,76.77,78,32,26.04
534,Sire,NG,2022-03-31 16:09:43,12.9299,5.2043,102.67,4,55,3.02
535,Sudzha,RU,2022-03-31 16:07:50,51.1976,35.2726,51.06,80,100,5.14
536,Manokwari,ID,2022-03-31 16:09:43,-0.8667,134.0833,77.72,85,100,3.8
537,Sistranda,NO,2022-03-31 16:09:43,63.7256,8.834,35.56,62,100,13.4
